TICKER;PRECO;DY;P/L;P/VP;P/ATIVOS;MARGEM BRUTA;MARGEM EBIT;MARG. LIQUIDA;P/EBIT;EV/EBIT;DIVIDA LIQUIDA / EBIT;DIV. LIQ. / PATRI.;PSR;P/CAP. GIRO;P. AT CIR. LIQ.;LIQ. CORRENTE;ROE;ROA;ROIC;PATRIMONIO / ATIVOS;PASSIVOS / ATIVOS;GIRO ATIVOS;CAGR RECEITAS 5 ANOS;CAGR LUCROS 5 ANOS; LIQUIDEZ MEDIA DIARIA; VPA; LPA; PEG Ratio; VALOR DE MERCADO
ALLD3;5,44;21,3;1,52;0,34;0,15;11,75;9,41;6,26;1,02;1,28;0,26;0,09;0,1;0,5;-0,55;1,74;22,27;10,1;18,12;0,45;0,55;1,61;3,11;15,35;1866396,68;16,02;3,57;0,01;522030755,84
RSUL4;62,49;;6,05;1,32;0,81;41,67;23,4;14,96;3,86;1,29;-0,3;-0,1;0,9;2,07;-1,88;3,22;21,84;13,44;9,33;0,62;0,38;0,9;16,58;;310524,32;47,32;10,34;0,86;155926610,25
WIZC3;7,6;8,27;6,26;1,77;0,5;61,24;44,14;14,43;2,05;2,04;-0,01;-0,01;0,9;33,22;-0,68;1,06;28,26;8,04;23,53;0,28;0,46;0,56;11,49;-0,05;3574441,68;4,3;1,21;0,42;1215295343,2
RIAA3;8,46;28,92;2,82;0,8;0,3;60,93;22,34;14,2;1,79;2,26;0,46;0,21;0,4;1,25;-0,85;1,6;28,33;10,69;26,65;0,38;0,62;0,75;10,94;;13782706,73;10,59;3;0,01;4249764776,52
LPSB3;1,49;14,91;5,34;0,92;0,55;77,19;24,96;20,18;4,32;2,87;-1,45;-0,31;1,08;5,66;-0,77;1,48;17,29;10,21;16,35;0,59;0,43;0,51;4,02;;271331,64;1,61;0,28;0,05;219856400,19
BRSR6;14,31;11,09;3,32;0,5;0,04;29,07;9,22;7,76;2,8;3,05;;;0,26;1,55;-0,04;3974,74;15,11;1,07;;0,07;0,93;0,14;24,08;23,23;23817950,18;28,5;4,31;0,03;6383542704,06
CSED3;3,81;12,74;5,11;0,84;0,29;51,06;19,82;9,49;2,45;3,26;0,81;0,28;0,48;3,15;-0,38;1,55;16,46;5,59;18,3;0,34;0,66;0,59;9,51;;3392394,41;4,53;0,75;0,12;1388907123,12
CEAB3;11,37;4,59;5,99;0,95;0,41;55,84;12,79;7,32;3,43;3,56;0,13;0,04;0,44;2,18;-0,76;1,67;15,79;6,78;16,9;0,43;0,57;0,93;14,34;;92080900,27;12,01;1,9;0,12;3504746423,16
PLPL3;8,4;5,87;5,1;1,61;0,39;29,95;14,33;9,84;3,5;3,69;0,18;0,08;0,5;0,66;-3,97;2,87;31,56;7,62;17,29;0,24;0,74;0,77;29,5;20,5;53294622,5;5,22;1,65;-0,56;1712768400
JHSF3;11,3;5,31;4,03;1,09;0,43;63,21;65,84;53,01;3,25;3,73;0,49;0,16;2,14;2,25;-0,7;1,92;27,12;10,55;17,45;0,39;0,59;0,2;24,34;24,37;66998210,95;10,33;2,8;0,05;7726444020,4
SEER3;10,94;4,37;5,71;0,99;0,39;59,66;20,61;10,91;3,02;3,87;0,84;0,28;0,62;3,17;-0,6;1,56;17,4;6,91;19,39;0,4;0,6;0,63;12,13;8,37;10431823,95;11,01;1,92;0,02;1408213866,4
AZUL54;72,5;;5,91;-7,03;0,85;23,31;22,09;20,68;5,53;3,94;3,87;;1,22;-3,66;-1,11;0,5;-119;14,41;-16,1;-0,12;1,12;0,7;30,38;;20945788;-10,31;12,27;-0,09;353885633,13
DEXP3;6,97;8,01;6,02;0,81;0,53;16,52;10,04;7,41;4,44;3,94;-0,5;-0,09;0,45;1,13;-1,45;3,8;13,54;8,81;9,93;0,65;0,35;1,19;16,52;3,62;850615,73;8,55;1,16;-0,67;857196967,79
PINE4;12,75;6,42;6,2;1,91;0,1;20,91;15,46;10,22;4,1;3,97;;;0,63;4,97;-0,1;2,59;30,83;1,6;;0,05;0,95;0,16;31,37;;17838457,41;6,67;2,06;0,02;3204701183,72
QUAL3;1,54;0,36;28,71;0,34;0,11;87,58;21,25;1,1;1,48;4,17;2,69;0,61;0,31;-3,81;-0,16;0,92;1,17;0,38;4,11;0,33;0,67;0,35;-6,77;-47,78;7521402,09;4,59;0,05;0,09;437382060,5
MGLU3;5,44;1,43;30,9;0,37;0,12;29,88;4,76;0,35;2,3;4,18;1,87;0,3;0,11;1,99;-0,23;1,13;1,21;0,37;5,81;0,31;0,69;1,05;5,81;-19;111682378,41;14,53;0,18;-0,45;4221140854,4
BEEF3;3,68;5,32;5,17;2,92;0,09;17,06;6,99;1,25;0,92;4,36;3,43;10,86;0,06;0,63;-0,21;1,32;56,47;1,71;14,22;0,03;0,96;1,37;23,09;0,42;78940392,7;1,26;0,71;-0,03;3681988719,84
PFRM3;6,68;4,88;7,84;0,62;0,14;15,42;3,07;0,91;2,32;4,4;2,09;0,56;0,07;0,79;-0,47;1,33;7,86;1,75;13,17;0,22;0,73;1,92;15,87;15,05;1629282,13;10,83;0,85;-0,51;827069323,64
DMVF3;6,85;;14,47;0,38;0,18;28,8;3,2;0,87;3,92;4,52;0,59;0,06;0,13;10,41;-0,25;1,06;2,6;1,21;8,5;0,47;0,53;1,39;21,57;187;1614318,73;18,2;0,47;-3,59;346629467,7
HBRE3;2,58;45,17;8,88;0,15;0,05;39,39;64,13;5,43;0,75;4,52;3,77;0,74;0,48;-1,6;-0,06;0,72;1,66;0,61;7,06;0,37;0,46;0,11;47,1;;802223,32;17,54;0,29;-0,57;266227570,98
POSI3;3,66;4,91;52,79;0,33;0,12;24,87;7,33;0,29;2,1;4,6;2,5;0,4;0,15;0,46;-0,32;1,69;0,63;0,22;8,42;0,36;0,64;0,77;8,88;-44,75;4475443,09;10,98;0,07;0,22;518988000
PGMN3;3,94;6,54;9,27;0,85;0,29;32,21;5,95;2;3,13;4,68;1,55;0,42;0,19;1,2;-0,68;1,73;9,19;3,14;14,93;0,34;0,66;1,56;16,8;26,21;22110520,41;4,62;0,42;0,05;2852158931,64
EUCA4;25,25;4,46;5,71;0,79;0,46;36,99;19,52;13,03;3,81;4,72;0,86;0,18;0,74;1,98;-0,76;2,38;13,91;7,99;12,97;0,57;0,43;0,61;11,55;23,22;3653944,17;31,79;4,42;0,08;2368643606
GMAT3;4,08;4,7;5,43;0,86;0,38;22,39;5,32;4,38;4,47;4,82;0,35;0,07;0,24;1,75;-0,8;1,71;15,83;7;10,52;0,44;0,52;1,6;25,39;18,99;24936881,41;4,75;0,75;0,23;9399065677,44
CMIN3;4,37;8,8;10,65;3,35;0,69;45,85;27;12,51;4,93;4,99;0,06;0,04;1,33;6,87;-1,1;1,37;31,49;6,52;21,5;0,21;0,79;0,52;5,5;-11,17;40254637,68;1,3;0,41;-0,28;23738034631,06
GOAU3;9,13;4,38;21,03;0,64;0,15;12,02;6,04;0,83;2,9;5,07;1,97;0,43;0,17;0,66;-0,23;2,76;3,04;0,71;4,32;0,23;0,35;0,85;9,78;-8,01;331166,32;14,28;0,43;-0,43;12959657904,76
GOAU4;10,16;3,94;23,4;0,71;0,17;12,02;6,04;0,83;3,22;5,07;1,97;0,43;0,19;0,74;-0,26;2,76;3,04;0,71;4,32;0,23;0,35;0,85;9,78;-8,01;95590365,73;14,28;0,43;-0,48;12959657904,76
ABCB4;23,83;10,99;6,17;0,87;0,09;15,81;14,7;12,2;5,12;5,12;;;0,75;-2,02;-0,09;0,26;14,08;1,5;;0,11;0,89;0,12;28,96;24,19;17522835,96;27,43;3,86;1,83;6210123760,23
ENAT3;21,8;;10,29;1,29;0,46;24,54;56,1;25,34;4,65;5,12;0,47;0,13;2,61;1,31;-0,85;3,9;12,53;4,43;8,6;0,35;0,65;0,17;11,74;5,75;201679399;16,91;2,12;0,01;5785005265,2
SYNE3;3,57;11,74;8,31;0,79;0,24;54,13;47,58;20,11;3,51;5,13;1,62;0,36;1,67;9,81;-0,27;1,27;9,47;2,92;6,66;0,31;0,35;0,15;-7,59;5,31;1350673,57;4,54;0,43;-0,09;544940668,65
ESPA3;0,77;4,96;17,47;0,32;0,12;34,3;15,8;1,45;1,6;5,19;3,6;0,72;0,25;0,63;-0,23;1,73;1,83;0,71;9,29;0,39;0,61;0,49;15,93;-23,82;1022944,14;2,41;0,04;0,21;278295760,82
ANIM3;3,06;2,66;9,21;0,52;0,12;63,13;24,93;3,27;1,21;5,26;4,05;1,73;0,3;0,96;-0,16;1,9;5,62;1,27;11,57;0,23;0,72;0,39;23,12;;21850196,82;5,92;0,33;0,6;1235838543,3
CAMB3;9,65;12,67;5,92;1,28;1,05;49,37;17,14;17,94;6,19;5,33;-0,86;-0,18;1,06;2,79;-2,16;3,67;21,59;17,67;18,88;0,82;0,18;0,99;19,61;25,66;206547,68;7,56;1,63;-0,75;407954522
MDNE3;26,21;18,17;5,39;1,29;0,44;36,36;20,47;19,89;5,24;5,4;0,16;0,04;1,07;1,24;-1;2,78;23,93;8,21;15,01;0,34;0,66;0,41;35,64;;32131696,41;20,3;4,86;0,07;2731459266,74
COCE5;31,9;;5,45;0,49;0,17;20,76;17,09;5,26;1,68;5,43;4,08;1,19;0,29;-1,16;-0,2;0,56;9,01;3,03;12,51;0,34;0,66;0,58;9,35;13,76;388331,52;64,97;5,85;0,15;2201462375,53
MLAS3;1,55;3,26;7,04;0,41;0,24;26,14;4,91;4,48;6,42;5,46;-0,96;-0,06;0,32;0,66;-0,81;2,08;5,85;3,44;5,07;0,59;0,41;0,77;6,65;-16,47;2310124,86;3,76;0,22;-0,04;1271835798,75
MYPK3;8,94;3,44;15,03;0,34;0,09;12,13;6,19;0,6;1,46;5,53;4,07;0,94;0,09;0,47;-0,18;1,75;2,23;0,63;8,08;0,28;0,69;1,05;11,89;;8293008,17;26,66;0,59;-0,25;1374253232,94
VLID3;17,56;8,58;5,9;0,84;0,47;34,81;13,59;12,13;5,27;5,53;0,26;0,04;0,72;1,76;-0,89;2,32;14,22;8,01;9,42;0,56;0,43;0,66;1,24;;9067722,09;20,95;2,98;-0,29;1437046745
PSSA3;47,81;6,24;8,39;1,99;0,54;100;7,63;8,81;9,68;5,6;-4,09;-0,84;0,74;4,66;-1,32;1,24;23,7;6,41;14,03;0,27;0,73;0,73;17,03;16,88;80690079,09;24,03;5,7;0,28;30913279528,6
LAVV3;10,64;24,18;5,24;1,52;0,45;33,83;25,07;22,06;4,61;5,67;1,06;0,35;1,16;0,68;-3,43;4,22;29,03;8,56;13,59;0,29;0,65;0,39;37,41;33,53;7325847,23;7;2,03;0,5;2079421505,28
AZZA3;17,13;14,46;4,25;0,44;0,23;54,89;8,66;7,17;3,52;5,69;2,17;0,27;0,3;0,97;-0,42;2,2;10,39;5,48;1,51;0,53;0,47;0,76;49,34;76,49;52243236,86;38,77;4,03;0,04;3537170496,69
LEVE3;32,09;8,88;6,55;4,06;1,14;27,06;17,26;12,31;4,67;5,74;1,07;0,93;0,81;6,82;-2,95;1,37;62,01;17,34;21,45;0,28;0,72;1,41;17,61;39,77;8369084,91;7,9;4,9;0,2;4349446510
VVEO3;1,3;;20,81;0,22;0,05;14,91;4,92;0,17;0,73;5,77;5,04;1,53;0,04;0,37;-0,1;1,33;1,07;0,22;10,36;0,21;0,79;1,3;21,25;-30,21;2518086,5;5,83;0,06;-0,21;419666790,4
VAMO3;2,95;4,77;11,72;1,38;0,16;50,5;43,43;5,09;1,37;5,89;4,51;4,55;0,6;1,26;-0,22;1,77;11,81;1,34;12,65;0,11;0,89;0,26;30,63;11,41;40840863,41;2,13;0,25;20,8;3604389251,75
ASAI3;8,62;1,21;16,67;1,98;0,25;17,44;5,16;0,9;2,92;5,92;3;2,04;0,15;7,2;-0,39;1,1;11,89;1,48;17,18;0,12;0,88;1,64;16,49;-12,92;102461609,09;4,35;0,52;-1,09;11667439478,44
SANB11;26,73;8,64;7,67;0,79;0,08;35,45;10,12;7,87;5,96;5,96;;;0,6;-1,22;-0,08;0,23;10,34;1,01;;0,1;0,9;0,13;20,95;-0,57;62453576,45;33,71;3,49;-2,61;100217867496,62
SANB3;12,99;8,46;7,45;0,77;0,08;35,45;10,12;7,87;5,79;5,96;;;0,59;-1,18;-0,08;0,23;10,34;1,01;;0,1;0,9;0,13;20,95;-0,57;1188588,36;16,86;1,74;-2,53;100217867496,62
SANB4;13,98;8,65;8,02;0,83;0,08;35,45;10,12;7,87;6,23;5,96;;;0,63;-1,27;-0,08;0,23;10,34;1,01;;0,1;0,9;0,13;20,95;-0,57;1382800,83;16,86;1,74;-2,73;100217867496,62
AMER3;4,8;;1,74;0,22;0,06;26,5;3,34;4,49;2,33;6,02;3,69;0,34;0,08;0,35;-0,11;1,56;12,51;3,43;4,51;0,27;0,73;0,76;3,98;;8285789,05;22,12;2,77;-0,02;961177334,4
TGMA3;29,68;12,94;8,23;2,15;1,43;18,59;14,12;10,32;6,02;6,04;0,03;0,01;0,85;5,48;-2,73;2,22;26,13;17,42;13,14;0,67;0,33;1,69;17,07;26,45;6546394,43;13,8;3,61;-0,59;1958966517,2
CURY3;28,7;14,68;8,3;5,72;1,43;39,71;24,02;18,37;6,35;6,06;-0,29;-0,26;1,53;4,94;-3,53;1,94;68,95;17,19;38,33;0,25;0,69;0,94;36,37;45,95;137862487;5,01;3,46;0,17;8840965947,8
CYRE3;19,83;13,77;4,58;0,85;0,34;32,66;24,12;20,81;3,95;6,1;2,15;0,46;0,95;0,81;-0,78;3,78;18,6;7,4;10,64;0,4;0,55;0,36;19,77;2,34;151997074,55;23,25;4,33;0,29;9058344000
CYRE4;18,14;;4,19;0,78;0,31;32,66;24,12;20,81;3,62;6,1;2,15;0,46;0,87;0,74;-0,72;3,78;18,6;7,4;10,64;0,4;0,55;0,36;19,77;2,34;8855431,09;23,25;4,33;0,27;9058344000
PETR3;45,71;6,52;5,48;1,32;0,47;47,36;28,88;21,6;4,1;6,17;2,25;0,73;1,18;-12,11;-0,53;0,74;24,17;8,63;8,31;0,36;0,64;0,4;12,83;72,19;537488089,45;34,54;8,35;0,04;562891837858,53
PETR4;40,89;7,31;4,9;1,18;0,42;47,36;28,88;21,6;3,66;6,17;2,25;0,73;1,06;-10,84;-0,48;0,74;24,17;8,63;8,31;0,36;0,64;0,4;12,83;72,19;2144137280,3;34,54;8,35;0,04;562891837858,53
POMO3;5,66;18,2;5,67;1,74;0,74;25,49;15,36;13,81;5,1;6,21;1,12;0,38;0,78;2,56;-1,83;1,97;30,72;13,13;13,41;0,43;0,57;0,95;20,33;64,41;3438809,86;3,25;1;0,56;7066436566,77
POMO4;5,65;18,23;5,66;1,74;0,74;25,49;15,36;13,81;5,09;6,21;1,12;0,38;0,78;2,55;-1,82;1,97;30,72;13,13;13,41;0,43;0,57;0,95;20,33;64,41;47269803,55;3,25;1;0,55;7066436566,77
MATD3;4,84;3,11;13,04;1,08;0,37;30,28;16,88;5,5;4,25;6,31;2,06;0,52;0,72;1,62;-0,57;2,91;8,26;2,86;9,16;0,35;0,65;0,52;24,82;11,25;1110254,64;4,49;0,37;-0,1;1614376313
ETER3;3,62;4,72;4,71;0,27;0,16;20,27;4,88;4,21;4,06;6,32;2,26;0,15;0,2;1,36;-0,26;1,45;5,72;3,4;4,64;0,6;0,4;0,81;10,97;-21,45;445022,05;13,45;0,77;0,07;223631201,5
KEPL3;6,33;6,84;7,69;1,44;0,75;23,66;11,94;10,19;6,57;6,34;-0,23;-0,05;0,78;2,24;-2,21;2,03;18,67;9,75;13,03;0,52;0,48;0,96;17,29;16,93;7701862,59;4,41;0,82;-0,54;1137628422,9
SAPR11;36,95;5,31;9,12;0,88;0,42;57,82;27,82;16,66;5,46;6,4;0,94;0,15;1,52;20,89;-0,56;1,08;9,64;4,56;7,59;0,47;0,53;0,27;8,47;4,21;47699700,52;42,02;4,05;-0,19;11167808785,41
SAPR3;8;4,54;9,88;0,95;0,45;57,82;27,82;16,66;5,91;6,4;0,94;0,15;1,65;22,61;-0,61;1,08;9,64;4,56;7,59;0,47;0,53;0,27;8,47;4,21;1139400,18;8,4;0,81;-0,2;11167808785,41
SAPR4;7,16;5,58;8,84;0,85;0,4;57,82;27,82;16,66;5,29;6,4;0,94;0,15;1,47;20,24;-0,55;1,08;9,64;4,56;7,59;0,47;0,53;0,27;8,47;4,21;8268601,5;8,4;0,81;-0,18;11167808785,41
MOVI3;9,28;8,1;10,24;1,22;0,1;33,28;22,9;2,45;1,1;6,43;5,33;5,94;0,25;-2,27;-0,14;0,85;11,92;1,01;12,75;0,09;0,91;0,41;29,14;27,29;55050829,05;7,6;0,91;0,26;3732034972,48
DIRR3;12,35;17,95;7,67;3,02;0,46;40,11;23,83;18,16;5,85;6,52;0,68;0,35;1,39;1,26;-0,89;4,26;39,35;6,02;17,45;0,15;0,82;0,33;23,68;49,27;89351784,91;4,09;1,61;0,27;6428175000
ECOR3;7,22;4,28;6,9;1,23;0,13;37,18;35,92;6,26;1,2;6,57;5,37;5,49;0,43;2,14;-0,16;1,69;17,81;1,94;10,62;0,11;0,88;0,31;23,56;;48679232,77;5,88;1,05;-0,63;5027533097,28
OFSA3;29,9;3,11;6,68;1,98;0,99;52,58;20,41;18,79;6,15;6,57;0,42;0,14;1,25;2,07;-3,03;3,46;29,59;14,82;18,05;0,5;0,5;0,79;10,9;21,91;234370,59;15,13;4,48;0,07;1613075279,4
IGTI11;24,82;1,36;14,01;2,05;1,03;74,31;83,57;46,51;7,79;6,61;1,49;0,39;6,51;6,03;-1,4;2,82;14,63;7,36;13,37;0,5;0,5;0,16;17,05;56,26;49323931,59;12,11;1,77;0,21;6555186124,6
IGTI3;3,54;1,36;5,99;0,88;0,44;74,31;83,57;46,51;3,34;6,61;1,49;0,39;2,79;2,58;-0,6;2,82;14,63;7,36;13,37;0,5;0,5;0,16;17,05;56,26;392978,59;4,04;0,59;0,09;6555186124,6
TEND3;30,17;4,09;6,13;2,72;0,52;30,8;13,56;13,43;6,07;6,61;0,53;0,24;0,82;1,8;-1,24;2;44,45;8,51;19,9;0,19;0,81;0,63;12,83;24,68;82155410,64;11,08;4,92;0,03;3698182845,84
ALUP11;32,06;2,62;9,48;1,14;0,31;66,96;67,25;25,17;3,55;6,68;3,13;1;2,39;1,83;-0,41;3,3;12;3,25;9,07;0,27;0,63;0,13;-6,46;3,42;33414824,14;28,17;3,38;-7,11;10567837356,02
CPFE3;42,69;8,75;8,54;2,02;0,59;31,3;24,5;12,79;4,46;6,81;2,35;1,07;1,09;19,64;-0,77;1,15;23,72;6,86;15,41;0,29;0,7;0,54;7,5;9,61;86589521,87;21,09;5;1,06;49189742043,6
TIMS3;22;6,45;26,19;4,37;0,89;54,05;24,28;7,43;8,02;6,9;-1,12;-0,61;1,95;-69,86;-1,2;0,95;16,69;3,38;30,15;0,2;0,66;0,45;9,05;1,73;132909037,5;5,03;0,84;0,77;52626769558
VULC3;14,4;33,54;4,02;1,83;1,14;41,06;20,92;31,34;6,02;6,9;0,88;0,27;1,26;2,76;-3,03;2,95;45,47;28,32;12,76;0,62;0,38;0,9;24,73;104,84;17230920,39;7,88;3,58;0,04;4578943248
VIVA3;20,42;3,42;8,24;1,59;1,03;69,91;23,54;18,97;6,64;6,92;0,28;0,07;1,56;2,15;-2,82;4,14;19,31;12,52;19,59;0,65;0,35;0,66;23,64;31,89;73100096,83;12,83;2,48;-0,41;4823158442,98
BRFS3;17,95;11,62;10,21;2,01;0,43;24,77;9,54;4,32;4,62;6,96;2,35;1,02;0,44;3,24;-0,84;1,38;19,69;4,23;10,48;0,21;0,77;0,98;10,51;15,13;377952894;8,93;1,76;-0,38;28579854639,05
UGPA3;24,96;5,21;9,29;1,69;0,55;7,13;4,11;2,06;4,64;6,97;2,33;0,85;0,19;3,35;-0,95;1,67;18,19;5,97;11,71;0,33;0,63;2,9;11,87;27,38;194430975,09;14,76;2,69;0,29;27851612830,08
MILS3;15,26;6,97;8,31;2,01;0,83;61,9;35,43;22,79;5,35;7,07;1,72;0,65;1,89;4,58;-1,23;2,21;24,19;9,93;16,42;0,41;0,59;0,44;29,41;;19803021,13;7,59;1,84;0,16;3574481966,86
CSUD3;16,8;14,01;6,9;1,47;0,85;41,38;16,62;15,9;6,6;7,1;0,5;0,11;1,1;14,24;-1,27;1,22;21,28;12,27;14,8;0,58;0,42;0,77;6,42;16,81;2345084,68;11,44;2,43;0,61;702240000
EVEN3;5,31;17,26;4,91;0,55;0,2;27,52;11,99;11,31;4,63;7,12;2,49;0,3;0,56;0,35;-0,75;4,53;11,22;4,09;4,64;0,36;0,56;0,36;2,82;71,25;7103229,74;9,64;1,08;0,01;1062000000
BLAU3;9,99;8,48;9,56;1,02;0,65;40,44;18,65;13,82;7,08;7,13;0,06;0,01;1,32;2,04;-1,33;2,66;10,63;6,82;6,67;0,64;0,36;0,49;7,57;-0,84;2640211,36;9,84;1,05;-1,06;2329789088,79
CLSC4;135,6;1,16;7,19;1,26;0,36;15,84;11,16;5,86;3,77;7,15;3,44;1,15;0,42;16,13;-0,51;1,08;17,57;5,03;12,9;0,29;0,71;0,86;6,08;7;346161,91;107,37;18,86;-5,88;5142579415,55
RANI3;7,85;6,08;8,92;1,23;0,47;39,03;24,18;12,12;4,47;7,15;2,68;0,74;1,08;2,6;-0,7;2,19;13,78;5,27;8,97;0,38;0,62;0,43;10,37;16,93;5725318,96;6,38;0,88;-0,24;1809434569,15
TRIS3;4,07;24,2;5,17;0,67;0,3;27,82;13,71;13,17;4,97;7,25;2,28;0,31;0,68;0,52;-1,77;3,21;12,92;5,73;6,43;0,44;0,55;0,44;9,42;2,34;1718220,68;6,09;0,79;1,1;987453379,66
COGN3;2,41;5,35;7,4;0,37;0,2;66,92;18,8;8,92;3,51;7,28;3,76;0,39;0,66;2,53;-0,26;1,65;4,94;2,77;6,92;0,56;0,44;0,31;5,9;;57905167,7;6,59;0,33;-0,23;4974883062,71
ARML3;3,27;18,94;22,4;0,89;0,2;32,22;23,57;2,66;2,53;7,36;4,83;1,69;0,6;1,05;-0,31;2,16;3,96;0,9;8,42;0,23;0,76;0,34;76,15;23,61;5559056,14;3,69;0,15;-0,37;1133035697,19
TECN3;8,89;4,62;7,37;1,24;0,8;54,72;15,68;15,21;7,15;7,37;0,23;0,04;1,12;1,69;-2,29;3,6;16,78;10,8;14,07;0,64;0,36;0,71;14,36;;415910,95;7,19;1,21;0,47;541456251,35
CAML3;4,94;7,42;7,43;0,57;0,16;22,65;5,83;2,01;2,56;7,38;4,82;1,08;0,15;0,65;-0,33;1,95;7,72;2,16;5,36;0,28;0,72;1,07;8,28;-12,83;7339382,57;8,62;0,67;-0,4;1729000000
LOGG3;30,8;13,29;6,73;0,72;0,39;96,86;254,38;155,03;4,1;7,38;3,28;0,58;10,43;-16,23;-0,44;0,82;10,75;5,86;9,6;0,54;0,45;0,04;11,94;23,51;11463487,32;42,59;4,58;0,91;2706061943,2
LREN3;14,89;5,86;10,04;1,45;0,79;61,95;11,38;9,37;8,27;7,46;-0,8;-0,14;0,94;3,13;-1,89;1,77;14,41;7,91;13,34;0,55;0,45;0,84;16;6,38;224536470,3;10,3;1,48;0,6;14991923464,55
JBSS3;71,85;;6,8;1,56;0,27;12,49;4,32;1,91;3,01;7,52;4,51;2,33;0,13;1,72;-0,44;1,65;22,87;3,91;13,18;0,17;0,81;2,05;12,21;14,81;80878878;46,2;10,57;-0,43;62380473709,95
BBDC3;15,13;7,3;6,83;0,89;0,07;27,28;7,91;8,15;7,03;7,57;;;0,56;0,62;-0,07;10,43;13,06;0,96;;0,07;0,93;0,12;22,38;7,93;84929293,05;16,97;2,22;0,29;172631392501,62
BBDC4;17,47;6,95;7,88;1,03;0,08;27,28;7,91;8,15;8,12;7,57;;;0,64;0,72;-0,09;10,43;13,06;0,96;;0,07;0,93;0,12;22,38;7,93;537664974,45;16,97;2,22;0,34;172631392501,62
ALOS3;26,95;9,5;16,41;1,05;0,55;73,41;52,49;28,81;9,01;7,58;-1,43;-0,17;4,73;7,19;-0,62;2,81;6,39;3,33;11,37;0,52;0,48;0,12;29,09;37,4;145144475,23;25,71;1,64;-4,12;13587946021,65
EZTC3;12,43;11,39;6,23;0,68;0,48;41,51;30,21;37,12;7,66;7,64;-0,02;0;2,31;1,18;-0,88;8,52;10,89;7,64;5,59;0,7;0,29;0,21;9,86;6,71;21882521,91;18,33;2;0,23;3492830000
RECV3;10,78;12,66;5,92;0,75;0,35;30,8;20,52;17,93;5,17;7,65;2,48;0,36;1,06;2,6;-0,46;2,18;12,74;5,9;6,27;0,46;0,54;0,33;32;;25860306,82;14,3;1,82;-1,61;3163737318,28
GGPS3;11,89;2,73;13,54;2,17;0,57;14,66;8,23;3,74;6,16;7,79;1,64;0,58;0,51;1,47;-1,31;3,24;16,03;4,23;11,42;0,26;0,73;1,13;28,45;18,51;56402212,05;5,48;0,88;-16,29;8945447290,43
ITSA3;12,73;9,73;8,41;1,58;1,25;25,32;221,97;203,02;7,69;7,84;0,23;0,05;17,07;19,35;-1,4;2,38;18,83;14,83;17,44;0,79;0,17;0,07;7,01;19,2;1958740,14;8,04;1,51;0,72;141351823498,58
ITSA4;12,54;9,87;8,28;1,56;1,23;25,32;221,97;203,02;7,57;7,84;0,23;0,05;16,81;19,06;-1,38;2,38;18,83;14,83;17,44;0,79;0,17;0,07;7,01;19,2;377265394,41;8,04;1,51;0,71;141351823498,58
RDOR3;32,76;13,04;16,25;3,79;0,68;22,21;18,35;8,08;7,16;7,85;0,69;0,37;1,31;2,1;-1,36;2,86;23,35;4,2;13,6;0,18;0,8;0,52;31,77;60,87;310561609;8,64;2,02;1,25;74997225248,4
NEOE3;33,81;3,04;7,73;1,09;0,33;26,74;21,65;9,9;3,54;7,98;4,45;1,37;0,77;4,18;-0,44;1,5;14,09;4,3;11,29;0,31;0,69;0,43;10,47;13,6;31677995;31,04;4,37;0,15;41093038742,28
FIQE3;6,24;12,45;11,17;2,13;0,82;51,33;28,14;17,91;7,11;8,02;0,91;0,27;2;5,43;-1,2;1,91;19,07;7,35;8,22;0,39;0,61;0,41;32,89;34,61;3625177,82;2,93;0,56;0,4;2490300671,04
CMIG3;15,78;8,04;9,33;1,56;0,66;16,39;15,39;11,15;6,77;8,04;2,67;0,62;1,04;-42,55;-0,84;0,93;16,75;7,1;12,58;0,42;0,58;0,64;11,13;11,05;1390958,5;10,09;1,69;-0,3;35823536381,5
CMIG4;10,88;11,66;6,44;1,08;0,46;16,39;15,39;11,15;4,67;8,04;2,67;0,62;0,72;-29,34;-0,58;0,93;16,75;7,1;12,58;0,42;0,58;0,64;11,13;11,05;151143787,13;10,09;1,69;-0,21;35823536381,5
MDIA3;18,92;5,27;9,21;0,77;0,51;32,46;6,93;6,67;8,86;8,14;-0,72;-0,06;0,61;1,78;-0,93;2,65;8,33;5,5;6,31;0,66;0,34;0,83;7,55;-1,82;12071552,96;24,66;2,06;0,38;6413880000
BRAV3;21;0,59;41,98;0,86;0,23;27,81;21,05;1,96;3,9;8,15;4,25;0,93;0,82;10,88;-0,28;1,12;2,04;0,55;3,26;0,27;0,73;0,28;124,4;;155596214,82;24,56;0,5;0,84;9755702628
ALPK3;4,32;0,18;70,01;2,62;0,36;30,29;13,9;0,7;3,51;8,17;4,66;3,48;0,49;-11,49;-0,46;0,86;3,74;0,52;13,52;0,14;0,86;0,75;23,59;;804159,45;1,65;0,06;-0,18;947400766,56
INTB3;13,53;8,34;7,71;1,41;0,82;30,38;10,76;12,36;8,86;8,18;-0,68;-0,11;0,95;1,8;-3,06;2,65;18,29;10,64;11,86;0,58;0,41;0,86;15,88;11,88;26918334,95;9,6;1,75;0,24;4432578318,3
YDUQ3;8,89;6,4;20,55;0,81;0,25;60,32;14,84;2,14;2,96;8,18;5,21;1,43;0,44;3,25;-0,33;1,47;3,96;1,22;9,39;0,31;0,69;0,57;7,46;3,85;40192182,86;10,94;0,43;-0,33;2436649885,39
DESK3;17,99;0,81;33,94;1,47;0,54;60,98;31,58;4,95;5,31;8,37;3,06;0,85;1,68;9,76;-0,67;1,41;4,34;1,59;10,32;0,37;0,62;0,32;48,79;18,09;8661000,57;12,23;0,53;-1,07;2090748201,57
ISAE4;26,95;6,87;7,58;0,83;0,37;38,81;43,1;24,65;4,33;8,38;3,66;0,7;1,87;3,67;-0,43;4;10,94;4,89;9,83;0,45;0,54;0,2;20,55;-6,96;64021333,59;32,52;3,56;-0,22;19381224470,08
MTRE3;3,41;13,31;5,92;0,35;0,15;26,3;9,14;5,53;3,59;8,41;4,82;0,48;0,33;0,33;-0,58;2,67;5,98;2,58;4,36;0,43;0,55;0,47;20,73;4,74;2487239,5;9,63;0,58;2,28;360692136,2
MOTV3;13,96;2,78;8,39;1,73;0,38;47,42;37,6;18,04;4,03;8,42;4,4;1,89;1,51;2,82;-0,58;1,64;20,58;4,53;10,71;0,22;0,78;0,25;13,77;77,45;129490319,64;8,09;1,66;0,06;28199200000
PASS3;25,5;;14,74;3,18;0,52;26,19;23,89;7,94;4,9;8,42;3,52;2,29;1,17;3,83;-0,7;2,09;21,58;3,53;12,25;0,16;0,78;0,44;;;27801314,92;8,02;1,73;-0,36;18211847422,5
HYPE3;20,98;5,44;8,78;1,05;0,57;60,74;28,87;19,48;5,93;8,43;2,5;0,44;1,71;4,51;-0,77;1,95;11,91;6,47;9,12;0,54;0,46;0,33;13,49;5,38;87678634,14;20,06;2,39;0,08;14770110057,82
CRFB3;8,48;0,01;9,84;0,83;0,19;18,14;3,75;1,52;3,99;8,47;4,49;0,94;0,15;5,86;-0,36;1,07;8,48;1,89;8,28;0,22;0,76;1,25;14;12,41;122254636;10,16;0,86;0;17884800909,28
SMFT3;18,49;5,98;16,51;1,92;0,5;42,93;23,71;9;6,27;8,53;2,26;0,69;1,49;4,5;-0,69;1,72;11,65;3,05;12,29;0,26;0,74;0,34;41,96;;129908126,04;9,62;1,12;0,34;11392240815,56
STBP3;14,42;;13,44;13,6;2,24;59,07;46,45;25,05;7,25;8,53;1,29;2,41;3,37;228,55;-2,66;1,07;101,21;16,65;25,49;0,16;0,84;0,66;31,3;;3082209;1,06;1,07;0,79;12461336720,98
ENGI11;46,5;3,66;12,3;1,19;0,27;24,49;18,49;5,29;3,52;8,59;5,07;1,72;0,65;2,38;-0,37;1,75;9,69;2,2;9,76;0,23;0,75;0,42;11,76;5,33;103253597,68;39,02;3,78;-0,26;23420814309
TAEE11;38,6;8,49;8,48;1,67;0,57;54,77;57,4;33,52;4,95;8,71;3,75;1,27;2,84;6,11;-0,69;2,29;19,7;6,74;13,41;0,34;0,66;0,2;5,36;-7,07;68559904,22;23,1;4,55;-1,22;13297657810,2
TAEE3;12,82;8,53;8,45;1,66;0,57;54,77;57,4;33,52;4,93;8,71;3,75;1,27;2,83;6,08;-0,68;2,29;19,7;6,74;13,41;0,34;0,66;0,2;5,36;-7,07;1641813,55;7,7;1,52;-1,22;13297657810,2
TAEE4;12,98;8,42;8,55;1,69;0,58;54,77;57,4;33,52;5;8,71;3,75;1,27;2,87;6,16;-0,69;2,29;19,7;6,74;13,41;0,34;0,66;0,2;5,36;-7,07;2860243,23;7,7;1,52;-1,24;13297657810,2
ITUB3;40,46;7,7;9,7;2,13;0,14;35,55;12,88;11,83;8,91;8,73;;;1,15;-1,88;-0,14;0,14;21,93;1,45;;0,07;0,93;0,12;17,38;19,47;256440458,45;19,02;4,17;0,96;437330251777,87
ITUB4;38,83;8,04;9,31;2,04;0,14;35,55;12,88;11,83;8,55;8,73;;;1,1;-1,8;-0,14;0,14;21,93;1,45;;0,07;0,93;0,12;17,38;19,47;1314224318,86;19,02;4,17;0,93;437330251777,87
SLCE3;14,81;6,12;22,8;1,39;0,37;29,16;16,38;3,38;4,7;8,74;4,04;1,19;0,77;1,6;-0,65;2,2;6,1;1,64;11,68;0,27;0,7;0,48;20,3;-7,89;42634177,95;10,66;0,65;-0,37;7386427223,3
GRND3;3,81;40,36;5,43;1,08;0,84;44,46;12,47;24,8;10,79;8,75;-2,04;-0,2;1,35;2,46;-1,91;2,55;19,96;15,43;8,21;0,77;0,23;0,62;6,38;9,35;14253219,04;3,52;0,7;-0,51;3437229600
VBBR3;28,89;3,78;11,52;1,59;0,54;5,18;3,09;1,56;5,84;8,9;3,06;0,84;0,18;3,08;-0,9;1,77;13,83;4,68;10,21;0,34;0,66;2,99;18,33;-5,1;249220457,64;18,13;2,51;-0,22;34626500410,59
RAIL3;13,94;6,59;24,91;1,86;0,48;45,56;34,22;7,34;5,35;8,95;3,6;1,26;1,83;11,44;-0,57;1,37;7,49;1,94;10,83;0,26;0,74;0,26;14,73;28,48;185761823,05;7,48;0,56;-0,14;25912070920,98
FLRY3;14,75;8,2;12,72;1,56;0,61;26,61;14,77;7,47;6,43;8,98;2,55;0,62;0,95;3,26;-0,93;2,14;12,25;4,76;10,28;0,39;0,6;0,64;22,78;19,83;32017794,48;9,47;1,16;10,99;8071067633,5
MELK3;3,19;16,45;5,32;0,61;0,23;24,68;10,2;10,2;5,32;9,1;3,78;0,43;0,54;0,64;-0,69;2,19;11,47;4,35;4,59;0,38;0,57;0,43;13,95;23,81;1673449,32;5,22;0,6;0,04;657999197,79
RENT3;40,58;5,07;20,24;1,73;0,53;26,39;19,31;5,13;5,38;9,19;3,81;1,23;1,04;12,16;-0,7;1,23;8,57;2,64;10,68;0,31;0,69;0,51;32,3;16,55;395553960,45;23,4;2,01;1,18;45622444220,1
RENT4;38,55;;19,23;1,65;0,51;26,39;19,31;5,13;5,11;9,19;3,81;1,23;0,99;11,55;-0,66;1,23;8,57;2,64;10,68;0,31;0,69;0,51;32,3;16,55;7419828,18;23,4;2,01;1,12;45622444220,1
SMTO3;16,88;2,7;6,71;0,76;0,24;26,22;18,77;11,25;4,02;9,29;5,27;1;0,76;1,25;-0,35;2,62;11,35;3,57;4,03;0,31;0,69;0,32;11,54;-2,04;40198510,05;22,15;2,52;0,13;5611509400,08
BAZA3;66,72;;4,42;0,52;0,06;1,1;6,05;12,73;9,32;9,32;;;0,56;64,6;-0,06;;11,77;1,31;;0,11;0,89;0,1;46,47;26,06;462543,17;128,13;15,08;-0,14;3740210776,8
SBFG3;10,51;5,17;7,24;0,79;0,27;48,56;6,85;4,2;4,44;9,36;4,92;0,87;0,3;1,9;-0,53;1,39;10,84;3,67;8,17;0,34;0,66;0,87;26,3;;24720701,18;13,39;1,45;-0,18;2424278576,94
MULT3;28,35;2,81;11,89;2,25;1,09;79,07;65,29;40,23;7,33;9,6;2,27;0,7;4,79;41,9;-1,3;1,2;18,89;9,2;15,07;0,49;0,51;0,23;20,42;4,87;92755349,18;12,62;2,38;-1,84;14548190923,35
LOGN3;28,5;;105,01;2,91;0,8;14,83;14,91;0,95;6,67;9,72;3,05;1,33;0,99;10,1;-1,18;1,33;2,77;0,76;-4,33;0,28;0,72;0,81;22,3;17,59;565323,64;9,79;0,27;-1,77;3058234851
PORT3;18,75;;12,35;3,01;1,3;48,59;33,87;21,21;7,74;9,78;2,05;0,8;2,62;-299,66;-1,57;0,97;24,37;10,56;15,74;0,43;0,57;0,5;12,8;42,19;1155515;6,23;1,52;0,3;8304973125
SBSP3;27,34;4,98;11,04;2,21;0,83;36,58;33,15;22,03;7,33;9,8;2,47;0,74;2,43;8,74;-1,06;1,74;19,97;7,48;7,32;0,37;0,62;0,34;16,44;55,08;414623684,64;12,4;2,48;-0,75;96360760243,5
EGIE3;33,73;4,32;15,02;2,83;0,66;46,77;48,37;19,35;6,01;9,86;3,85;1,82;2,91;11,05;-0,79;1,54;18,86;4,37;12,6;0,23;0,75;0,23;0,96;-1,71;68383464,96;11,91;2,25;-0,63;38529739738,28
PNVL3;10,59;3,39;12,03;1,22;0,43;32,37;4,73;2,32;5,91;9,92;4,01;0,83;0,28;1,66;-1,05;1,81;10,18;3,61;8,54;0,35;0,65;1,56;14,35;18,71;8631475,23;8,65;0,88;0,34;1592497523,79
ABEV3;16,17;5,31;16,36;2,83;1,79;51,48;26,87;17,66;10,76;10,06;-0,7;-0,18;2,89;218,03;-2,55;1,03;17,28;10,91;21,1;0,63;0,36;0,62;8,61;6,48;439649276,09;5,72;0,99;2,06;254898461255,13
BPAC11;50,65;2,46;11,2;2,52;0,23;21,43;29,09;26,78;10,31;10,31;;;3;-0,31;-0,23;0,01;22,52;2,07;;0,09;0,9;0,08;16,36;39,92;558963969,59;20,08;4,52;0,2;197029571517,63
BPAC3;22,23;1,87;14,75;3,32;0,31;21,43;29,09;26,78;13,58;10,31;;;3,95;-0,41;-0,31;0,01;22,52;2,07;;0,09;0,9;0,08;16,36;39,92;416004,05;6,69;1,51;0,26;197029571517,63
OPCT3;10,13;0,96;16,66;2,02;0,6;27,43;15,66;5,6;5,96;10,31;4,35;1,48;0,93;3,1;-0,9;2,32;12,12;3,58;9,68;0,3;0,7;0,64;27,13;;4318426,73;5,02;0,61;-0,03;2025590282,02
PRNR3;17,7;;23,32;1,86;0,54;18,6;9,06;2,67;6,87;10,45;3,58;0,97;0,62;3,79;-0,97;1,47;7,98;2,3;8,02;0,29;0,67;0,86;45,21;;10297029,13;9,52;0,76;0,07;1006208538
IRBR3;50,84;2,43;11,87;0,78;0,27;8,45;8,01;7,08;10,48;10,48;;;0,84;1,97;-0,44;1,56;6,59;2,27;;0,34;0,66;0,32;-9,28;;17942383,55;64,94;4,28;-0,24;4160892324,24
BMGB4;5;10,94;5,47;0,65;0,06;33,14;3,52;6,79;10,54;10,54;;;0,37;-0,13;-0,07;0,01;11,89;1,18;;0,1;0,9;0,17;16,75;13,57;6280182,18;7,68;0,91;0,05;3241418480
PETZ3;4,34;;40,37;1,14;0,5;47,09;4,89;1,32;10,9;10,64;-0,26;-0,03;0,53;6,98;-0,79;1,24;2,83;1,24;7,75;0,44;0,56;0,94;20,08;-3,64;23680881;3,8;0,11;-0,18;1957947209,4
BMOB3;23,31;9,16;12,5;2,05;0,98;26,29;8,83;8,91;12,62;10,67;-1,95;-0,32;1,11;3,16;-3,42;1,78;16,39;7,88;12,15;0,48;0,51;0,88;58,14;34,91;17349845,57;11,38;1,87;0,52;1995531617,52
BRST3;2,7;1,52;10,2;0,76;0,29;42,4;14,96;8,46;5,77;10,8;5,03;0,66;0,86;2,92;-0,41;1,54;7,44;2,86;5,71;0,38;0,62;0,34;41,71;35,66;1132132,18;3,56;0,26;-0,86;1182620349,9
TFCO4;14,63;1,06;96,09;23,44;13,75;57,3;19,91;13,23;63,86;10,91;0,53;0,2;12,71;30,62;-45,05;2,83;24,39;14,31;21,23;0,59;0,41;1,08;31,38;40,92;11648982,55;0,62;0,15;6,98;2241579361,95
B3SA3;15,41;3,93;15,69;4,26;1,6;90,46;60,27;42,49;11,06;10,97;-0,09;-0,03;6,67;8,3;-2,54;2,09;27,15;10,2;6,45;0,38;0,62;0,24;3,58;3,6;553367649,86;3,62;0,98;3,32;77766565000
FRAS3;21,7;3,27;24,02;2,53;0,87;32,43;12,54;4,68;8,97;11,1;2,13;0,6;1,12;3,22;-1,68;2,29;10,53;3,63;12,35;0,35;0,65;0,78;26,87;6,1;4334864,41;8,58;0,9;-1,06;6083271474,7
DXCO3;4,6;;492,38;0,61;0,21;25,32;9,67;0,1;5,23;11,2;5,97;0,7;0,51;1,23;-0,33;2,05;0,12;0,04;3,51;0,35;0,63;0,43;7,01;-54,77;13542049,04;7,52;0,01;-5,09;4227557301,6
VIVT3;32,95;3,2;16,69;1,53;0,81;44,93;16,81;10,5;10,43;11,48;1,05;0,15;1,75;41,24;-1,04;1,1;9,17;4,88;9;0,53;0,47;0,46;6,68;5,96;170488006,05;21,54;1,97;1,44;106314711194,9
ALPA4;11,98;4,52;13,21;2,37;1,3;52,49;14,46;13,17;12,03;11,61;0,71;0,14;1,74;6,43;-2,51;1,73;17,9;9,85;13,55;0,55;0,45;0,75;6,29;34,59;30669173,55;5,06;0,91;0,06;7412396155,53
LIGT3;2,74;;0,39;0,12;0,04;14,11;5,27;17,09;1,27;11,71;10,44;1,01;0,07;-0,48;-0,04;0,7;31,42;9,25;-9,48;0,29;0,71;0,54;2,78;30,46;11441015,74;22,34;7,02;0,05;1020801587,76
EQTL3;38,91;4,07;31,68;1,91;0,44;25,59;15,18;2,91;6,08;11,78;5,7;1,79;0,92;5,01;-0,58;1,56;6,02;1,38;9,06;0,23;0,75;0,48;23,82;-12,26;327113470,61;20,4;1,23;-0,63;48996845406,27
MTSA4;43,79;9,55;9,91;0,83;0,62;21,97;5,82;7,44;12,66;11,79;-5,26;-0,35;0,74;1,01;-2,74;4,77;8,39;6,23;-0,01;0,74;0,26;0,84;7,69;-7,44;582554,1;52,69;4,42;1,72;518439477,7
CPLE3;14,44;5,71;15,86;1,81;0,68;21,88;18,94;9,95;8,33;11,84;3,51;0,76;1,58;12,14;-0,86;1,37;11,39;4,31;9,59;0,38;0,62;0,43;6,99;-7,01;338959761,22;7,99;0,91;-2,04;43071784930,58
CPLE5;10,98;;12,06;1,37;0,52;21,88;18,94;9,95;6,34;11,84;3,51;0,76;1,2;9,23;-0,66;1,37;11,39;4,31;9,59;0,38;0,62;0,43;6,99;-7,01;408011897;7,99;0,91;-1,55;43071784930,58
CPLE6;14,22;;15,62;1,78;0,67;21,88;18,94;9,95;8,21;11,84;3,51;0,76;1,55;11,95;-0,85;1,37;11,39;4,31;9,59;0,38;0,62;0,43;6,99;-7,01;121075705;7,99;0,91;-2,01;43071784930,58
SUZB3;41,74;2,68;4,64;1,1;0,32;31,42;20,52;22,96;5,19;11,92;6,73;1,42;1,07;1,75;-0,43;3,51;23,68;6,86;-0,36;0,29;0,71;0,3;10,47;;252671735;38;9;0;52764269250,1
VITT3;3,43;8,24;8,97;0,88;0,58;29,45;7,86;7,7;8,79;11,94;3,15;0,31;0,69;1,66;-1,52;2,26;9,79;6,41;6,51;0,65;0,35;0,83;9,09;-5,4;1006355;3,9;0,38;-0,6;555815790,6
RADL3;17,46;2,32;23,68;4,17;1,21;30,1;6,07;2,89;11,26;12,41;1,15;0,43;0,68;6,24;-3,09;1,47;17,6;5,11;22,81;0,29;0,71;1,77;17,14;21,67;235806108,65;4,19;0,74;2,4;30596333826,24
VALE3;78,7;6,96;22,39;1,83;0,76;35,08;15,71;7,26;10,35;12,45;2,1;0,37;1,63;20,65;-0,94;1,24;8,16;3,41;2,67;0,42;0,57;0,47;0,72;-10,2;1436536795,68;43,07;3,51;-0,44;349361873426,8
GGBR3;20;3,4;24,22;0,75;0,49;12,02;6,05;2,37;9,48;12,51;1,97;0,16;0,57;2,18;-0,76;2,76;3,11;2,02;4,41;0,65;0,35;0,85;9,78;-7,07;910352,45;26,58;0,83;-0,49;44115823288,4
GGBR4;23,48;2,9;28,43;0,88;0,58;12,02;6,05;2,37;11,13;12,51;1,97;0,16;0,67;2,56;-0,89;2,76;3,11;2,02;4,41;0,65;0,35;0,85;9,78;-7,07;216223346,78;26,58;0,83;-0,57;44115823288,4
MBRF3;15,76;17,83;57,9;1,93;0,16;12,38;3,47;0,23;3,88;12,61;8,73;4,35;0,13;6,07;-0,26;1,08;3,34;0,28;4,71;0,08;0,9;1,19;19,43;-35,05;113837996,23;8,15;0,27;-0,67;22094197862,08
KLBN11;17,05;8,35;28,5;2,35;0,34;29,8;16,18;3,59;6,33;13,67;7,34;2,73;1,02;3,02;-0,46;1,78;8,26;1,2;6,8;0,15;0,75;0,33;11,61;;88849391,95;7,25;0,6;-0,49;21283442878,5
KLBN3;3,45;8,25;28,83;2,38;0,35;29,8;16,18;3,59;6,4;13,67;7,34;2,73;1,04;3,06;-0,47;1,78;8,26;1,2;6,8;0,15;0,75;0,33;11,61;;4770701,35;1,45;0,12;-0,49;21283442878,5
KLBN4;3,42;8,33;28,58;2,36;0,34;29,8;16,18;3,59;6,35;13,67;7,34;2,73;1,03;3,03;-0,46;1,78;8,26;1,2;6,8;0,15;0,75;0,33;11,61;;20320755,55;1,45;0,12;-0,49;21283442878,5
ROMI3;6,36;8,49;7,65;0,48;0,22;28,18;6,45;6,08;7,21;14;6,79;0,45;0,46;0,65;-0,58;2,27;6,24;2,93;1,82;0,47;0,53;0,48;6,39;-14,99;1030110,43;13,33;0,83;-0,28;592565950,92
ZAMP3;3,5;;34,09;1,02;0,32;65,87;3,05;0,77;8,64;14,38;5,74;0,68;0,26;-4,99;-0,41;0,77;3;0,93;6,13;0,31;0,69;1,21;18,51;;247849;3,43;0,1;-0,26;1424270382,5
UNIP3;57,21;16,17;17,28;3,46;0,87;25,68;12,43;7,48;10,4;14,46;3,87;1,29;1,29;4,91;-1,31;2,09;20,01;5,02;8,31;0,25;0,75;0,67;5,86;0,38;294861,18;16,55;3,31;-0,41;6595447303,31
UNIP6;58,84;17,3;17,77;3,56;0,89;25,68;12,43;7,48;10,69;14,46;3,87;1,29;1,33;5,05;-1,35;2,09;20,01;5,02;8,31;0,25;0,75;0,67;5,86;0,38;12220991,39;16,55;3,31;-0,42;6595447303,31
CSMG3;56,85;3,96;15,95;2,47;1,01;41,86;23,17;16,14;11,11;14,64;3,53;0,78;2,57;13,46;-1,26;1,6;15,46;6,31;7,72;0,41;0,59;0,39;9,29;10,67;255725139,09;23,06;3,56;-5,77;21617386972,65
HBOR3;2,17;0,93;51,69;0,2;0,04;30,22;10,57;0,48;2,34;15,76;13,42;1,15;0,25;0,17;-0,08;2,34;0,39;0,08;2,12;0,22;0,58;0,18;2,99;-26,68;1859459,18;10,82;0,04;-0,57;290456826,24
SOJA3;6,11;4,87;35,16;0,65;0,25;10,86;4,08;0,94;8,11;15,92;7,81;0,62;0,33;0,47;-0,78;4,6;1,84;0,71;1,65;0,39;0,61;0,76;34,83;-18,88;5799386,27;9,42;0,17;-0,47;867025423,68
EMBJ3;72,33;0,6;31,62;3,12;0,79;17,69;8,07;3,93;15,41;16,27;0,86;0,17;1,24;4,4;-1,78;1,48;9,85;2,5;9,54;0,25;0,72;0,64;16,35;;415173852,23;23,21;2,29;-1,35;53557836632,52
ENEV3;23,89;;35,71;2,27;0,79;27,4;20,71;6,94;11,97;16,74;4,77;0,91;2,48;13,95;-0,96;1,48;6,36;2,21;6,48;0,35;0,62;0,32;41,53;5,16;264697722,05;10,52;0,67;0,22;46275635161,13
ELMD3;31;;39,74;4,53;1,39;49,42;24,62;8,95;14,44;17,04;2,6;0,82;3,55;10,24;-2,04;1,76;11,4;3,51;9,18;0,31;0,63;0,39;32;51,88;704100;6,85;0,78;8,29;4455057771
BBAS3;19,17;2,87;6,99;0,57;0,04;30,81;1,95;4,82;17,29;17,29;;;0,34;1,99;-0,04;9,47;8,2;0,6;;0,07;0,92;0,12;26,49;3,4;576063867,82;33,45;2,74;-0,19;109860088546,8
TTEN3;14,08;1,29;9,9;1,48;0,48;15,32;2,95;4,16;13,97;18,22;4,25;0,45;0,41;3,7;-1,3;1,26;14,93;4,86;1,59;0,33;0,67;1,17;39,47;23,67;20142723;9,53;1,42;-0,97;7050386069,76
TOTS3;33,1;1,96;21,43;4;1,52;70,63;19,91;15,41;16,59;19,46;2,87;0,69;3,3;13,69;-2,14;1,62;18,65;7,09;9,64;0,38;0,59;0,46;17,33;25,71;357213170,65;8,28;1,54;1,2;19840192331,1
WEGE3;42,46;5,1;28,35;10,04;4,11;33,24;19,66;15,64;22,55;22,13;-0,42;-0,19;4,43;18,41;-11,11;1,55;35,43;14,49;28,32;0,41;0,56;0,93;18,49;21,85;302620875,86;4,23;1,5;66,45;178218122195,08
SCAR3;12,67;56,04;16,32;0,7;0,26;46,94;18,55;15,76;13,86;22,66;8,79;0,45;2,57;5,58;-0,32;1,36;4,32;1,59;1,84;0,37;0,64;0,1;-2,45;-12,49;483124,73;17,99;0,78;-0,06;731531831,73
CBAV3;10,72;0,41;56,98;1,51;0,49;8,35;4,96;1,4;16,08;23,29;7,22;0,68;0,8;2,78;-0,75;2,11;2,65;0,87;2,32;0,33;0,66;0,62;10,19;;30916967,82;7,11;0,19;-1,77;6979499311,84
SHUL4;4,77;13,35;6,24;1,12;0,57;22,44;10,96;14,43;8,22;24,16;-0,65;-0,09;0,9;1,46;-1,59;2,56;17,86;9,13;8,48;0,51;0,49;0,63;13,02;14;3085029;4,28;0,76;2,5;5146372601,16
PRIO3;61,12;;20,59;2;0,84;25,55;18,08;14,65;16,69;24,23;7,54;0,91;3,02;10,45;-1,01;1,92;9,72;4,08;2,82;0,42;0,58;0,28;52,26;41,73;542553401,36;30,52;2,97;-0,27;53326910474,56
ORVR3;77,9;;87,84;5,13;1,68;45,33;29,51;7,47;22,25;26,37;4,12;0,95;6,57;9,94;-2,42;2,27;5,84;1,92;8,1;0,33;0,65;0,26;21,79;88,89;61071526,82;15,19;0,89;0,45;7488283250,9
AXIA3;50,76;7,19;15,66;1,23;0,53;47,02;15,92;21,89;21,54;28,59;6,61;0,38;3,43;5,15;-0,67;2,11;7,88;3,41;-10,23;0,43;0,57;0,16;7,26;8,52;479053925,48;41,16;3,24;-9,74;152455006393,06
AXIA6;55,78;7,19;17,21;1,36;0,59;47,02;15,92;21,89;23,67;28,59;6,61;0,38;3,77;5,66;-0,73;2,11;7,88;3,41;-10,23;0,43;0,57;0,16;7,26;8,52;101003559,7;41,16;3,24;-10,71;152455006393,06
AXIA7;49,04;;15,13;1,19;0,52;47,02;15,92;21,89;20,81;28,59;6,61;0,38;3,31;4,97;-0,64;2,11;7,88;3,41;-10,23;0,43;0,57;0,16;7,26;8,52;74071719,05;41,16;3,24;-9,41;152455006393,06
BMEB3;58,11;2,94;8,95;2,41;0,19;47,54;2,97;8,95;26,98;29,9;;;0,8;0,97;-0,24;;26,89;2,15;;0,08;0,92;0,24;29,99;34,51;326946,68;24,16;6,5;0,13;7967120084,1
BMEB4;77,7;2,42;11,96;3,22;0,26;47,54;2,97;8,95;36,08;29,9;;;1,07;1,3;-0,32;;26,89;2,15;;0,08;0,92;0,24;29,99;34,51;2323623;24,16;6,5;0,17;7967120084,1
BRBI11;15,25;10,23;9,44;2,02;0,09;100;2,94;52,02;166,84;40,05;-126,79;-1,53;4,91;2,76;-7,5;1,03;21,38;0,93;-0,23;0,04;0,96;0,02;-23,54;13,84;4827187,43;7,56;1,62;-1;1601184486
BIOM3;6,84;;38,91;2,89;1,63;36,48;7,59;7,47;38,29;40,7;2,42;0,18;2,91;6,7;-3,72;1,77;7,44;4,2;5,48;0,56;0,44;0,56;35,63;;1733850,77;2,36;0,18;-0,29;936070990,56
SAUD3;12,59;6,06;65,16;25,71;17,33;34,83;30,64;23,09;49,11;48,41;-0,7;-0,37;15,05;406,09;-25,17;1,16;39,45;26,59;19,06;0,67;0,32;1,15;6,51;9,36;64693643,43;0,49;0,19;133,52;36815674613,29
FESA4;6,2;11,25;13,54;0,67;0,5;16,79;1,4;7,06;68,22;67,31;-19,91;-0,19;0,96;1,79;-0,82;3,27;4,93;3,66;-0,51;0,74;0,26;0,52;7,55;18,3;5849644,83;9,29;0,46;-0,28;2799500500
BPAN4;12,71;;41,58;2,12;0,23;34,9;0,19;2,58;565,76;565,76;;;1,07;-523,71;-0,23;0,05;5,1;0,56;;0,11;0,89;0,22;10,77;-9;114514167;5,99;0,31;-1,09;16129880843,9
